[
{
    "model": "restaurant.restaurant",
    "pk": 1,
    "fields": {
        "name": "La Trattoria",
        "slug": "la-trattoria",
        "logo": "",
        "email": "info@latrattoria.com",
        "phone_number": "+123456789",
        "website": "https://www.latrattoria.com",
        "created_at": "2024-03-17T15:34:13.657Z",
        "document": "",
        "is_active": true,
        "employees": [
            1,
            2,
            3
        ]
    }
},
{
    "model": "restaurant.restaurant",
    "pk": 2,
    "fields": {
        "name": "Burger Palace",
        "slug": "burger-palace",
        "logo": "",
        "email": "info@burgerpalace.com",
        "phone_number": "+987654321",
        "website": "https://www.burgerpalace.com",
        "created_at": "2024-03-17T15:34:13.662Z",
        "document": "",
        "is_active": true,
        "employees": [
            4,
            5,
            6,
            7
        ]
    }
},
{
    "model": "restaurant.restaurant",
    "pk": 3,
    "fields": {
        "name": "Sushi Heaven",
        "slug": "sushi-heaven",
        "logo": "",
        "email": "info@sushiheaven.com",
        "phone_number": "+1122334455",
        "website": "https://www.sushiheaven.com",
        "created_at": "2024-03-17T15:34:13.664Z",
        "document": "",
        "is_active": true,
        "employees": [
            7,
            8,
            9
        ]
    }
},
{
    "model": "restaurant.table",
    "pk": 1,
    "fields": {
        "restaurant": 1,
        "identifier": "Mesa 1",
        "capacity": 4,
        "status": "AVAILABLE",
        "is_active": true
    }
},
{
    "model": "restaurant.table",
    "pk": 2,
    "fields": {
        "restaurant": 1,
        "identifier": "Mesa 2",
        "capacity": 6,
        "status": "AVAILABLE",
        "is_active": true
    }
},
{
    "model": "restaurant.table",
    "pk": 3,
    "fields": {
        "restaurant": 1,
        "identifier": "Mesa 3",
        "capacity": 2,
        "status": "AVAILABLE",
        "is_active": true
    }
},
{
    "model": "restaurant.table",
    "pk": 4,
    "fields": {
        "restaurant": 2,
        "identifier": "Mesa 1",
        "capacity": 8,
        "status": "AVAILABLE",
        "is_active": true
    }
},
{
    "model": "restaurant.table",
    "pk": 5,
    "fields": {
        "restaurant": 2,
        "identifier": "Mesa 2",
        "capacity": 4,
        "status": "AVAILABLE",
        "is_active": true
    }
},
{
    "model": "restaurant.table",
    "pk": 6,
    "fields": {
        "restaurant": 2,
        "identifier": "Mesa 3",
        "capacity": 10,
        "status": "AVAILABLE",
        "is_active": true
    }
},
{
    "model": "restaurant.table",
    "pk": 7,
    "fields": {
        "restaurant": 3,
        "identifier": "Mesa 1",
        "capacity": 6,
        "status": "AVAILABLE",
        "is_active": true
    }
},
{
    "model": "restaurant.table",
    "pk": 8,
    "fields": {
        "restaurant": 3,
        "identifier": "Mesa 2",
        "capacity": 4,
        "status": "AVAILABLE",
        "is_active": true
    }
},
{
    "model": "restaurant.table",
    "pk": 9,
    "fields": {
        "restaurant": 3,
        "identifier": "Mesa 3",
        "capacity": 8,
        "status": "AVAILABLE",
        "is_active": true
    }
},
{
    "model": "menu.menu",
    "pk": 1,
    "fields": {
        "name": "Menú del Día",
        "restaurant": 1,
        "is_active": true
    }
},
{
    "model": "menu.menu",
    "pk": 2,
    "fields": {
        "name": "Menú de la Noche",
        "restaurant": 1,
        "is_active": true
    }
},
{
    "model": "menu.menu",
    "pk": 3,
    "fields": {
        "name": "Menú del Día",
        "restaurant": 2,
        "is_active": true
    }
},
{
    "model": "menu.menu",
    "pk": 4,
    "fields": {
        "name": "Menú de la Noche",
        "restaurant": 2,
        "is_active": true
    }
},
{
    "model": "menu.menu",
    "pk": 5,
    "fields": {
        "name": "Menú del Día",
        "restaurant": 3,
        "is_active": true
    }
},
{
    "model": "menu.menu",
    "pk": 6,
    "fields": {
        "name": "Menú de la Noche",
        "restaurant": 3,
        "is_active": true
    }
},
{
    "model": "menu.menuitem",
    "pk": 1,
    "fields": {
        "menu": 1,
        "name": "Espagueti a la Bolognesa",
        "description": "Deliciosos espaguetis con salsa de carne a la bolognesa",
        "price": "12.99",
        "is_active": true
    }
},
{
    "model": "menu.menuitem",
    "pk": 2,
    "fields": {
        "menu": 1,
        "name": "Ensalada César",
        "description": "Ensalada fresca con pollo a la parrilla y aderezo César",
        "price": "8.99",
        "is_active": true
    }
},
{
    "model": "menu.menuitem",
    "pk": 3,
    "fields": {
        "menu": 1,
        "name": "Pechuga de Pollo a la Parrilla",
        "description": "Pechuga de pollo a la parrilla con guarnición de vegetales al vapor",
        "price": "15.99",
        "is_active": true
    }
},
{
    "model": "menu.menuitem",
    "pk": 4,
    "fields": {
        "menu": 1,
        "name": "Sopa del Día",
        "description": "Sopa casera del día con ingredientes frescos de temporada",
        "price": "6.99",
        "is_active": true
    }
},
{
    "model": "menu.menuitem",
    "pk": 5,
    "fields": {
        "menu": 1,
        "name": "Pescado a la Parrilla",
        "description": "Filete de pescado fresco a la parrilla con salsa de limón y hierbas",
        "price": "18.99",
        "is_active": true
    }
},
{
    "model": "menu.menuitem",
    "pk": 6,
    "fields": {
        "menu": 2,
        "name": "Filete Mignon",
        "description": "Exquisito filete mignon cocinado a la perfección",
        "price": "24.99",
        "is_active": true
    }
},
{
    "model": "menu.menuitem",
    "pk": 7,
    "fields": {
        "menu": 2,
        "name": "Salmón a la Parrilla",
        "description": "Filete de salmón fresco a la parrilla con salsa de mantequilla de limón",
        "price": "20.99",
        "is_active": true
    }
},
{
    "model": "menu.menuitem",
    "pk": 8,
    "fields": {
        "menu": 2,
        "name": "Risotto de Champiñones",
        "description": "Risotto cremoso con champiñones frescos y queso parmesano",
        "price": "16.99",
        "is_active": true
    }
},
{
    "model": "menu.menuitem",
    "pk": 9,
    "fields": {
        "menu": 2,
        "name": "Camarones al Ajillo",
        "description": "Camarones grandes salteados en aceite de oliva y ajo, servidos con pan de ajo",
        "price": "22.99",
        "is_active": true
    }
},
{
    "model": "menu.menuitem",
    "pk": 10,
    "fields": {
        "menu": 2,
        "name": "Lasagna Casera",
        "description": "Lasagna casera con carne molida, salsa de tomate y queso mozzarella",
        "price": "18.99",
        "is_active": true
    }
},
{
    "model": "menu.menuitem",
    "pk": 11,
    "fields": {
        "menu": 3,
        "name": "Hamburguesa Clásica",
        "description": "Jugosa hamburguesa con carne de res, queso, lechuga, tomate y cebolla",
        "price": "10.99",
        "is_active": true
    }
},
{
    "model": "menu.menuitem",
    "pk": 12,
    "fields": {
        "menu": 3,
        "name": "Wrap de Pollo",
        "description": "Wrap de pollo a la parrilla con lechuga, tomate y aderezo ranch",
        "price": "9.99",
        "is_active": true
    }
},
{
    "model": "menu.menuitem",
    "pk": 13,
    "fields": {
        "menu": 3,
        "name": "Ensalada de Quinoa",
        "description": "Ensalada saludable con quinoa, aguacate, tomate y aderezo balsámico",
        "price": "8.99",
        "is_active": true
    }
},
{
    "model": "menu.menuitem",
    "pk": 14,
    "fields": {
        "menu": 3,
        "name": "Sopa de Tomate",
        "description": "Sopa caliente de tomate casera con crutones crujientes",
        "price": "6.99",
        "is_active": true
    }
},
{
    "model": "menu.menuitem",
    "pk": 15,
    "fields": {
        "menu": 3,
        "name": "Tacos de Pescado",
        "description": "Tacos de pescado frito con repollo rallado, salsa de chipotle y limón",
        "price": "12.99",
        "is_active": true
    }
},
{
    "model": "menu.menuitem",
    "pk": 16,
    "fields": {
        "menu": 4,
        "name": "Burger Supreme",
        "description": "Hamburguesa gourmet con carne de res Angus, queso azul y cebolla caramelizada",
        "price": "15.99",
        "is_active": true
    }
},
{
    "model": "menu.menuitem",
    "pk": 17,
    "fields": {
        "menu": 4,
        "name": "Sándwich de Pollo Crispy",
        "description": "Sándwich de pollo crispy con lechuga, tomate y mayonesa de chipotle",
        "price": "13.99",
        "is_active": true
    }
},
{
    "model": "menu.menuitem",
    "pk": 18,
    "fields": {
        "menu": 4,
        "name": "Pasta Alfredo con Camarones",
        "description": "Pasta fettuccine en salsa Alfredo con camarones y queso parmesano",
        "price": "18.99",
        "is_active": true
    }
},
{
    "model": "menu.menuitem",
    "pk": 19,
    "fields": {
        "menu": 4,
        "name": "Costillas de Cerdo BBQ",
        "description": "Costillas de cerdo asadas a la parrilla con salsa barbacoa casera",
        "price": "20.99",
        "is_active": true
    }
},
{
    "model": "menu.menuitem",
    "pk": 20,
    "fields": {
        "menu": 4,
        "name": "Pizza Margherita",
        "description": "Pizza tradicional con salsa de tomate, mozzarella fresca y albahaca",
        "price": "16.99",
        "is_active": true
    }
},
{
    "model": "menu.menuitem",
    "pk": 21,
    "fields": {
        "menu": 5,
        "name": "Sushi Combo",
        "description": "Combo de sushi variado con rollos de salmón, atún y camarón",
        "price": "18.99",
        "is_active": true
    }
},
{
    "model": "menu.menuitem",
    "pk": 22,
    "fields": {
        "menu": 5,
        "name": "Tempura de Verduras",
        "description": "Verduras frescas tempurizadas con salsa de soja y jengibre",
        "price": "12.99",
        "is_active": true
    }
},
{
    "model": "menu.menuitem",
    "pk": 23,
    "fields": {
        "menu": 5,
        "name": "Bento Box",
        "description": "Bento box con pollo teriyaki, arroz al vapor y ensalada de algas",
        "price": "16.99",
        "is_active": true
    }
},
{
    "model": "menu.menuitem",
    "pk": 24,
    "fields": {
        "menu": 5,
        "name": "Roll de Aguacate",
        "description": "Rollos de sushi rellenos de aguacate y pepino, servidos con salsa de soja",
        "price": "10.99",
        "is_active": true
    }
},
{
    "model": "menu.menuitem",
    "pk": 25,
    "fields": {
        "menu": 5,
        "name": "Sopa Miso",
        "description": "Sopa japonesa tradicional de miso con tofu y cebolla verde",
        "price": "6.99",
        "is_active": true
    }
},
{
    "model": "menu.menuitem",
    "pk": 26,
    "fields": {
        "menu": 6,
        "name": "Sashimi Deluxe",
        "description": "Surtido de sashimi fresco de salmón, atún y hamachi",
        "price": "24.99",
        "is_active": true
    }
},
{
    "model": "menu.menuitem",
    "pk": 27,
    "fields": {
        "menu": 6,
        "name": "Roll Dragon",
        "description": "Rollos de sushi con langostino tempurizado, aguacate y salsa unagi",
        "price": "22.99",
        "is_active": true
    }
},
{
    "model": "menu.menuitem",
    "pk": 28,
    "fields": {
        "menu": 6,
        "name": "Yakitori de Pollo",
        "description": "Pinchos de pollo a la parrilla con salsa teriyaki y cebolla verde",
        "price": "16.99",
        "is_active": true
    }
},
{
    "model": "menu.menuitem",
    "pk": 29,
    "fields": {
        "menu": 6,
        "name": "Tartar de Atún",
        "description": "Tartar de atún fresco con aguacate, mango y salsa de soja",
        "price": "20.99",
        "is_active": true
    }
},
{
    "model": "menu.menuitem",
    "pk": 30,
    "fields": {
        "menu": 6,
        "name": "Roll Rainbow",
        "description": "Rollos de sushi variados con pescado fresco y aguacate",
        "price": "18.99",
        "is_active": true
    }
},
{
    "model": "core.employeeprofile",
    "pk": 1,
    "fields": {
        "user": 2,
        "hire_date": "2024-03-17",
        "extra_info": null,
        "is_active": true
    }
},
{
    "model": "core.employeeprofile",
    "pk": 2,
    "fields": {
        "user": 3,
        "hire_date": "2024-03-17",
        "extra_info": null,
        "is_active": true
    }
},
{
    "model": "core.employeeprofile",
    "pk": 3,
    "fields": {
        "user": 4,
        "hire_date": "2024-03-17",
        "extra_info": null,
        "is_active": true
    }
},
{
    "model": "core.employeeprofile",
    "pk": 4,
    "fields": {
        "user": 5,
        "hire_date": "2024-03-17",
        "extra_info": null,
        "is_active": true
    }
},
{
    "model": "core.employeeprofile",
    "pk": 5,
    "fields": {
        "user": 6,
        "hire_date": "2024-03-17",
        "extra_info": null,
        "is_active": true
    }
},
{
    "model": "core.employeeprofile",
    "pk": 6,
    "fields": {
        "user": 7,
        "hire_date": "2024-03-17",
        "extra_info": null,
        "is_active": true
    }
},
{
    "model": "core.employeeprofile",
    "pk": 7,
    "fields": {
        "user": 8,
        "hire_date": "2024-03-17",
        "extra_info": null,
        "is_active": true
    }
},
{
    "model": "core.employeeprofile",
    "pk": 8,
    "fields": {
        "user": 9,
        "hire_date": "2024-03-17",
        "extra_info": null,
        "is_active": true
    }
},
{
    "model": "core.employeeprofile",
    "pk": 9,
    "fields": {
        "user": 10,
        "hire_date": "2024-03-17",
        "extra_info": null,
        "is_active": true
    }
},
{
    "model": "core.schedule",
    "pk": 3,
    "fields": {
        "day_of_week": 1,
        "content_type": 1,
        "object_id": 1,
        "is_active": true
    }
},
{
    "model": "core.schedule",
    "pk": 4,
    "fields": {
        "day_of_week": 2,
        "content_type": 1,
        "object_id": 1,
        "is_active": true
    }
},
{
    "model": "core.schedule",
    "pk": 5,
    "fields": {
        "day_of_week": 3,
        "content_type": 1,
        "object_id": 1,
        "is_active": true
    }
},
{
    "model": "core.schedule",
    "pk": 6,
    "fields": {
        "day_of_week": 4,
        "content_type": 1,
        "object_id": 1,
        "is_active": true
    }
},
{
    "model": "core.schedule",
    "pk": 7,
    "fields": {
        "day_of_week": 5,
        "content_type": 1,
        "object_id": 1,
        "is_active": true
    }
},
{
    "model": "core.timeslot",
    "pk": 2,
    "fields": {
        "start_time": "11:00:00",
        "end_time": "15:00:00",
        "schedule": 3,
        "is_active": true
    }
},
{
    "model": "core.timeslot",
    "pk": 3,
    "fields": {
        "start_time": "17:00:00",
        "end_time": "22:00:00",
        "schedule": 3,
        "is_active": true
    }
},
{
    "model": "core.timeslot",
    "pk": 4,
    "fields": {
        "start_time": "11:00:00",
        "end_time": "15:00:00",
        "schedule": 4,
        "is_active": true
    }
},
{
    "model": "core.timeslot",
    "pk": 5,
    "fields": {
        "start_time": "17:00:00",
        "end_time": "22:00:00",
        "schedule": 4,
        "is_active": true
    }
},
{
    "model": "core.timeslot",
    "pk": 6,
    "fields": {
        "start_time": "11:00:00",
        "end_time": "15:00:00",
        "schedule": 5,
        "is_active": true
    }
},
{
    "model": "core.timeslot",
    "pk": 7,
    "fields": {
        "start_time": "17:00:00",
        "end_time": "22:00:00",
        "schedule": 5,
        "is_active": true
    }
},
{
    "model": "core.timeslot",
    "pk": 8,
    "fields": {
        "start_time": "11:00:00",
        "end_time": "15:00:00",
        "schedule": 6,
        "is_active": true
    }
},
{
    "model": "core.timeslot",
    "pk": 9,
    "fields": {
        "start_time": "17:00:00",
        "end_time": "22:00:00",
        "schedule": 6,
        "is_active": true
    }
},
{
    "model": "core.timeslot",
    "pk": 10,
    "fields": {
        "start_time": "11:00:00",
        "end_time": "15:00:00",
        "schedule": 7,
        "is_active": true
    }
},
{
    "model": "core.timeslot",
    "pk": 11,
    "fields": {
        "start_time": "17:00:00",
        "end_time": "22:00:00",
        "schedule": 7,
        "is_active": true
    }
},
{
    "model": "admin.logentry",
    "pk": 1,
    "fields": {
        "action_time": "2024-03-17T16:12:44.435Z",
        "user": 1,
        "content_type": 3,
        "object_id": "1",
        "object_repr": "Menu object (1)",
        "action_flag": 2,
        "change_message": "[{\"changed\": {\"fields\": [\"Restaurant\"]}}]"
    }
},
{
    "model": "admin.logentry",
    "pk": 2,
    "fields": {
        "action_time": "2024-03-17T16:12:51.443Z",
        "user": 1,
        "content_type": 3,
        "object_id": "2",
        "object_repr": "Menu object (2)",
        "action_flag": 2,
        "change_message": "[{\"changed\": {\"fields\": [\"Restaurant\"]}}]"
    }
},
{
    "model": "admin.logentry",
    "pk": 3,
    "fields": {
        "action_time": "2024-03-17T16:13:02.772Z",
        "user": 1,
        "content_type": 3,
        "object_id": "3",
        "object_repr": "Menu object (3)",
        "action_flag": 2,
        "change_message": "[{\"changed\": {\"fields\": [\"Restaurant\"]}}]"
    }
},
{
    "model": "admin.logentry",
    "pk": 4,
    "fields": {
        "action_time": "2024-03-17T16:13:08.116Z",
        "user": 1,
        "content_type": 3,
        "object_id": "4",
        "object_repr": "Menu object (4)",
        "action_flag": 2,
        "change_message": "[{\"changed\": {\"fields\": [\"Restaurant\"]}}]"
    }
},
{
    "model": "admin.logentry",
    "pk": 5,
    "fields": {
        "action_time": "2024-03-17T16:13:18.348Z",
        "user": 1,
        "content_type": 3,
        "object_id": "5",
        "object_repr": "Menu object (5)",
        "action_flag": 2,
        "change_message": "[{\"changed\": {\"fields\": [\"Restaurant\"]}}]"
    }
},
{
    "model": "admin.logentry",
    "pk": 6,
    "fields": {
        "action_time": "2024-03-17T16:13:20.493Z",
        "user": 1,
        "content_type": 3,
        "object_id": "6",
        "object_repr": "Menu object (6)",
        "action_flag": 2,
        "change_message": "[]"
    }
},
{
    "model": "admin.logentry",
    "pk": 7,
    "fields": {
        "action_time": "2024-03-17T16:13:24.929Z",
        "user": 1,
        "content_type": 3,
        "object_id": "6",
        "object_repr": "Menu object (6)",
        "action_flag": 2,
        "change_message": "[{\"changed\": {\"fields\": [\"Restaurant\"]}}]"
    }
},
{
    "model": "admin.logentry",
    "pk": 8,
    "fields": {
        "action_time": "2024-03-17T16:21:05.288Z",
        "user": 1,
        "content_type": 1,
        "object_id": "1",
        "object_repr": "Restaurant object (1)",
        "action_flag": 2,
        "change_message": "[{\"changed\": {\"fields\": [\"Employees\"]}}]"
    }
},
{
    "model": "admin.logentry",
    "pk": 9,
    "fields": {
        "action_time": "2024-03-17T16:21:56.656Z",
        "user": 1,
        "content_type": 1,
        "object_id": "1",
        "object_repr": "Restaurant object (1)",
        "action_flag": 2,
        "change_message": "[{\"added\": {\"name\": \"restaurant-employeeprofile relationship\", \"object\": \"Restaurant_employees object (2)\"}}, {\"added\": {\"name\": \"restaurant-employeeprofile relationship\", \"object\": \"Restaurant_employees object (3)\"}}]"
    }
},
{
    "model": "admin.logentry",
    "pk": 10,
    "fields": {
        "action_time": "2024-03-17T16:22:28.360Z",
        "user": 1,
        "content_type": 1,
        "object_id": "2",
        "object_repr": "Restaurant object (2)",
        "action_flag": 2,
        "change_message": "[{\"added\": {\"name\": \"restaurant-employeeprofile relationship\", \"object\": \"Restaurant_employees object (4)\"}}, {\"added\": {\"name\": \"restaurant-employeeprofile relationship\", \"object\": \"Restaurant_employees object (5)\"}}, {\"added\": {\"name\": \"restaurant-employeeprofile relationship\", \"object\": \"Restaurant_employees object (6)\"}}]"
    }
},
{
    "model": "admin.logentry",
    "pk": 11,
    "fields": {
        "action_time": "2024-03-17T16:22:50.134Z",
        "user": 1,
        "content_type": 1,
        "object_id": "3",
        "object_repr": "Restaurant object (3)",
        "action_flag": 2,
        "change_message": "[{\"added\": {\"name\": \"restaurant-employeeprofile relationship\", \"object\": \"Restaurant_employees object (7)\"}}, {\"added\": {\"name\": \"restaurant-employeeprofile relationship\", \"object\": \"Restaurant_employees object (8)\"}}, {\"added\": {\"name\": \"restaurant-employeeprofile relationship\", \"object\": \"Restaurant_employees object (9)\"}}]"
    }
},
{
    "model": "admin.logentry",
    "pk": 12,
    "fields": {
        "action_time": "2024-03-17T16:27:28.426Z",
        "user": 1,
        "content_type": 11,
        "object_id": "10",
        "object_repr": "empleado_restaurante2_4-3_3",
        "action_flag": 2,
        "change_message": "[{\"changed\": {\"fields\": [\"Username\"]}}]"
    }
},
{
    "model": "admin.logentry",
    "pk": 13,
    "fields": {
        "action_time": "2024-03-17T16:27:37.169Z",
        "user": 1,
        "content_type": 7,
        "object_id": "9",
        "object_repr": "empleado_restaurante2_4-3_3",
        "action_flag": 2,
        "change_message": "[{\"added\": {\"name\": \"restaurant-employeeprofile relationship\", \"object\": \"Restaurant_employees object (10)\"}}]"
    }
},
{
    "model": "admin.logentry",
    "pk": 14,
    "fields": {
        "action_time": "2024-03-17T16:27:56.173Z",
        "user": 1,
        "content_type": 7,
        "object_id": "9",
        "object_repr": "empleado_restaurante2_4-3_3",
        "action_flag": 2,
        "change_message": "[{\"deleted\": {\"name\": \"restaurant-employeeprofile relationship\", \"object\": \"Restaurant_employees object (None)\"}}]"
    }
},
{
    "model": "admin.logentry",
    "pk": 15,
    "fields": {
        "action_time": "2024-03-17T16:28:10.290Z",
        "user": 1,
        "content_type": 11,
        "object_id": "10",
        "object_repr": "empleado_restaurante3_3",
        "action_flag": 2,
        "change_message": "[{\"changed\": {\"fields\": [\"Username\"]}}]"
    }
},
{
    "model": "admin.logentry",
    "pk": 16,
    "fields": {
        "action_time": "2024-03-17T16:28:36.110Z",
        "user": 1,
        "content_type": 11,
        "object_id": "8",
        "object_repr": "empleado_restaurante2_4-3_1",
        "action_flag": 2,
        "change_message": "[{\"changed\": {\"fields\": [\"Username\"]}}]"
    }
},
{
    "model": "admin.logentry",
    "pk": 17,
    "fields": {
        "action_time": "2024-03-17T16:28:58.023Z",
        "user": 1,
        "content_type": 7,
        "object_id": "7",
        "object_repr": "empleado_restaurante2_4-3_1",
        "action_flag": 2,
        "change_message": "[{\"added\": {\"name\": \"restaurant-employeeprofile relationship\", \"object\": \"Restaurant_employees object (11)\"}}]"
    }
},
{
    "model": "admin.logentry",
    "pk": 18,
    "fields": {
        "action_time": "2024-03-17T16:38:16.111Z",
        "user": 1,
        "content_type": 5,
        "object_id": "7",
        "object_repr": "Schedule object (7)",
        "action_flag": 2,
        "change_message": "[{\"changed\": {\"fields\": [\"Content type\", \"Object id\"]}}]"
    }
},
{
    "model": "admin.logentry",
    "pk": 19,
    "fields": {
        "action_time": "2024-03-17T16:38:24.133Z",
        "user": 1,
        "content_type": 5,
        "object_id": "6",
        "object_repr": "Schedule object (6)",
        "action_flag": 2,
        "change_message": "[{\"changed\": {\"fields\": [\"Content type\", \"Object id\"]}}]"
    }
},
{
    "model": "admin.logentry",
    "pk": 20,
    "fields": {
        "action_time": "2024-03-17T16:38:31.721Z",
        "user": 1,
        "content_type": 5,
        "object_id": "5",
        "object_repr": "Schedule object (5)",
        "action_flag": 2,
        "change_message": "[{\"changed\": {\"fields\": [\"Content type\", \"Object id\"]}}]"
    }
},
{
    "model": "admin.logentry",
    "pk": 21,
    "fields": {
        "action_time": "2024-03-17T16:38:35.837Z",
        "user": 1,
        "content_type": 5,
        "object_id": "5",
        "object_repr": "Schedule object (5)",
        "action_flag": 2,
        "change_message": "[]"
    }
},
{
    "model": "admin.logentry",
    "pk": 22,
    "fields": {
        "action_time": "2024-03-17T16:38:42.091Z",
        "user": 1,
        "content_type": 5,
        "object_id": "4",
        "object_repr": "Schedule object (4)",
        "action_flag": 2,
        "change_message": "[{\"changed\": {\"fields\": [\"Content type\", \"Object id\"]}}]"
    }
},
{
    "model": "admin.logentry",
    "pk": 23,
    "fields": {
        "action_time": "2024-03-17T16:38:51.060Z",
        "user": 1,
        "content_type": 5,
        "object_id": "3",
        "object_repr": "Schedule object (3)",
        "action_flag": 2,
        "change_message": "[{\"changed\": {\"fields\": [\"Content type\", \"Object id\"]}}]"
    }
},
{
    "model": "admin.logentry",
    "pk": 24,
    "fields": {
        "action_time": "2024-03-17T16:39:10.932Z",
        "user": 1,
        "content_type": 5,
        "object_id": "2",
        "object_repr": "Schedule object (2)",
        "action_flag": 3,
        "change_message": ""
    }
},
{
    "model": "auth.permission",
    "pk": 1,
    "fields": {
        "name": "Can add restaurant",
        "content_type": 1,
        "codename": "add_restaurant"
    }
},
{
    "model": "auth.permission",
    "pk": 2,
    "fields": {
        "name": "Can change restaurant",
        "content_type": 1,
        "codename": "change_restaurant"
    }
},
{
    "model": "auth.permission",
    "pk": 3,
    "fields": {
        "name": "Can delete restaurant",
        "content_type": 1,
        "codename": "delete_restaurant"
    }
},
{
    "model": "auth.permission",
    "pk": 4,
    "fields": {
        "name": "Can view restaurant",
        "content_type": 1,
        "codename": "view_restaurant"
    }
},
{
    "model": "auth.permission",
    "pk": 5,
    "fields": {
        "name": "Can add table",
        "content_type": 2,
        "codename": "add_table"
    }
},
{
    "model": "auth.permission",
    "pk": 6,
    "fields": {
        "name": "Can change table",
        "content_type": 2,
        "codename": "change_table"
    }
},
{
    "model": "auth.permission",
    "pk": 7,
    "fields": {
        "name": "Can delete table",
        "content_type": 2,
        "codename": "delete_table"
    }
},
{
    "model": "auth.permission",
    "pk": 8,
    "fields": {
        "name": "Can view table",
        "content_type": 2,
        "codename": "view_table"
    }
},
{
    "model": "auth.permission",
    "pk": 9,
    "fields": {
        "name": "Can add menu",
        "content_type": 3,
        "codename": "add_menu"
    }
},
{
    "model": "auth.permission",
    "pk": 10,
    "fields": {
        "name": "Can change menu",
        "content_type": 3,
        "codename": "change_menu"
    }
},
{
    "model": "auth.permission",
    "pk": 11,
    "fields": {
        "name": "Can delete menu",
        "content_type": 3,
        "codename": "delete_menu"
    }
},
{
    "model": "auth.permission",
    "pk": 12,
    "fields": {
        "name": "Can view menu",
        "content_type": 3,
        "codename": "view_menu"
    }
},
{
    "model": "auth.permission",
    "pk": 13,
    "fields": {
        "name": "Can add menu item",
        "content_type": 4,
        "codename": "add_menuitem"
    }
},
{
    "model": "auth.permission",
    "pk": 14,
    "fields": {
        "name": "Can change menu item",
        "content_type": 4,
        "codename": "change_menuitem"
    }
},
{
    "model": "auth.permission",
    "pk": 15,
    "fields": {
        "name": "Can delete menu item",
        "content_type": 4,
        "codename": "delete_menuitem"
    }
},
{
    "model": "auth.permission",
    "pk": 16,
    "fields": {
        "name": "Can view menu item",
        "content_type": 4,
        "codename": "view_menuitem"
    }
},
{
    "model": "auth.permission",
    "pk": 17,
    "fields": {
        "name": "Can add schedule",
        "content_type": 5,
        "codename": "add_schedule"
    }
},
{
    "model": "auth.permission",
    "pk": 18,
    "fields": {
        "name": "Can change schedule",
        "content_type": 5,
        "codename": "change_schedule"
    }
},
{
    "model": "auth.permission",
    "pk": 19,
    "fields": {
        "name": "Can delete schedule",
        "content_type": 5,
        "codename": "delete_schedule"
    }
},
{
    "model": "auth.permission",
    "pk": 20,
    "fields": {
        "name": "Can view schedule",
        "content_type": 5,
        "codename": "view_schedule"
    }
},
{
    "model": "auth.permission",
    "pk": 21,
    "fields": {
        "name": "Can add time slot",
        "content_type": 6,
        "codename": "add_timeslot"
    }
},
{
    "model": "auth.permission",
    "pk": 22,
    "fields": {
        "name": "Can change time slot",
        "content_type": 6,
        "codename": "change_timeslot"
    }
},
{
    "model": "auth.permission",
    "pk": 23,
    "fields": {
        "name": "Can delete time slot",
        "content_type": 6,
        "codename": "delete_timeslot"
    }
},
{
    "model": "auth.permission",
    "pk": 24,
    "fields": {
        "name": "Can view time slot",
        "content_type": 6,
        "codename": "view_timeslot"
    }
},
{
    "model": "auth.permission",
    "pk": 25,
    "fields": {
        "name": "Can add employee profile",
        "content_type": 7,
        "codename": "add_employeeprofile"
    }
},
{
    "model": "auth.permission",
    "pk": 26,
    "fields": {
        "name": "Can change employee profile",
        "content_type": 7,
        "codename": "change_employeeprofile"
    }
},
{
    "model": "auth.permission",
    "pk": 27,
    "fields": {
        "name": "Can delete employee profile",
        "content_type": 7,
        "codename": "delete_employeeprofile"
    }
},
{
    "model": "auth.permission",
    "pk": 28,
    "fields": {
        "name": "Can view employee profile",
        "content_type": 7,
        "codename": "view_employeeprofile"
    }
},
{
    "model": "auth.permission",
    "pk": 29,
    "fields": {
        "name": "Can add log entry",
        "content_type": 8,
        "codename": "add_logentry"
    }
},
{
    "model": "auth.permission",
    "pk": 30,
    "fields": {
        "name": "Can change log entry",
        "content_type": 8,
        "codename": "change_logentry"
    }
},
{
    "model": "auth.permission",
    "pk": 31,
    "fields": {
        "name": "Can delete log entry",
        "content_type": 8,
        "codename": "delete_logentry"
    }
},
{
    "model": "auth.permission",
    "pk": 32,
    "fields": {
        "name": "Can view log entry",
        "content_type": 8,
        "codename": "view_logentry"
    }
},
{
    "model": "auth.permission",
    "pk": 33,
    "fields": {
        "name": "Can add permission",
        "content_type": 9,
        "codename": "add_permission"
    }
},
{
    "model": "auth.permission",
    "pk": 34,
    "fields": {
        "name": "Can change permission",
        "content_type": 9,
        "codename": "change_permission"
    }
},
{
    "model": "auth.permission",
    "pk": 35,
    "fields": {
        "name": "Can delete permission",
        "content_type": 9,
        "codename": "delete_permission"
    }
},
{
    "model": "auth.permission",
    "pk": 36,
    "fields": {
        "name": "Can view permission",
        "content_type": 9,
        "codename": "view_permission"
    }
},
{
    "model": "auth.permission",
    "pk": 37,
    "fields": {
        "name": "Can add group",
        "content_type": 10,
        "codename": "add_group"
    }
},
{
    "model": "auth.permission",
    "pk": 38,
    "fields": {
        "name": "Can change group",
        "content_type": 10,
        "codename": "change_group"
    }
},
{
    "model": "auth.permission",
    "pk": 39,
    "fields": {
        "name": "Can delete group",
        "content_type": 10,
        "codename": "delete_group"
    }
},
{
    "model": "auth.permission",
    "pk": 40,
    "fields": {
        "name": "Can view group",
        "content_type": 10,
        "codename": "view_group"
    }
},
{
    "model": "auth.permission",
    "pk": 41,
    "fields": {
        "name": "Can add user",
        "content_type": 11,
        "codename": "add_user"
    }
},
{
    "model": "auth.permission",
    "pk": 42,
    "fields": {
        "name": "Can change user",
        "content_type": 11,
        "codename": "change_user"
    }
},
{
    "model": "auth.permission",
    "pk": 43,
    "fields": {
        "name": "Can delete user",
        "content_type": 11,
        "codename": "delete_user"
    }
},
{
    "model": "auth.permission",
    "pk": 44,
    "fields": {
        "name": "Can view user",
        "content_type": 11,
        "codename": "view_user"
    }
},
{
    "model": "auth.permission",
    "pk": 45,
    "fields": {
        "name": "Can add content type",
        "content_type": 12,
        "codename": "add_contenttype"
    }
},
{
    "model": "auth.permission",
    "pk": 46,
    "fields": {
        "name": "Can change content type",
        "content_type": 12,
        "codename": "change_contenttype"
    }
},
{
    "model": "auth.permission",
    "pk": 47,
    "fields": {
        "name": "Can delete content type",
        "content_type": 12,
        "codename": "delete_contenttype"
    }
},
{
    "model": "auth.permission",
    "pk": 48,
    "fields": {
        "name": "Can view content type",
        "content_type": 12,
        "codename": "view_contenttype"
    }
},
{
    "model": "auth.permission",
    "pk": 49,
    "fields": {
        "name": "Can add session",
        "content_type": 13,
        "codename": "add_session"
    }
},
{
    "model": "auth.permission",
    "pk": 50,
    "fields": {
        "name": "Can change session",
        "content_type": 13,
        "codename": "change_session"
    }
},
{
    "model": "auth.permission",
    "pk": 51,
    "fields": {
        "name": "Can delete session",
        "content_type": 13,
        "codename": "delete_session"
    }
},
{
    "model": "auth.permission",
    "pk": 52,
    "fields": {
        "name": "Can view session",
        "content_type": 13,
        "codename": "view_session"
    }
},
{
    "model": "auth.user",
    "pk": 1,
    "fields": {
        "password": "pbkdf2_sha256$600000$9xHpTVnlKY7N5MNF6GDGh1$I/sy/TFqjpn2DMhTWz3MqX3cOxWs+2W5b5wip3pZM0o=",
        "last_login": "2024-03-17T15:38:36.265Z",
        "is_superuser": true,
        "username": "admin",
        "first_name": "",
        "last_name": "",
        "email": "admin@admin.com",
        "is_staff": true,
        "is_active": true,
        "date_joined": "2024-03-17T15:31:28.748Z",
        "groups": [],
        "user_permissions": []
    }
},
{
    "model": "auth.user",
    "pk": 2,
    "fields": {
        "password": "",
        "last_login": null,
        "is_superuser": false,
        "username": "empleado_restaurante1_1",
        "first_name": "",
        "last_name": "",
        "email": "",
        "is_staff": false,
        "is_active": true,
        "date_joined": "2024-03-17T15:53:11.889Z",
        "groups": [],
        "user_permissions": []
    }
},
{
    "model": "auth.user",
    "pk": 3,
    "fields": {
        "password": "",
        "last_login": null,
        "is_superuser": false,
        "username": "empleado_restaurante1_2",
        "first_name": "",
        "last_name": "",
        "email": "",
        "is_staff": false,
        "is_active": true,
        "date_joined": "2024-03-17T15:53:11.920Z",
        "groups": [],
        "user_permissions": []
    }
},
{
    "model": "auth.user",
    "pk": 4,
    "fields": {
        "password": "",
        "last_login": null,
        "is_superuser": false,
        "username": "empleado_restaurante1_3",
        "first_name": "",
        "last_name": "",
        "email": "",
        "is_staff": false,
        "is_active": true,
        "date_joined": "2024-03-17T15:53:11.925Z",
        "groups": [],
        "user_permissions": []
    }
},
{
    "model": "auth.user",
    "pk": 5,
    "fields": {
        "password": "",
        "last_login": null,
        "is_superuser": false,
        "username": "empleado_restaurante2_1",
        "first_name": "",
        "last_name": "",
        "email": "",
        "is_staff": false,
        "is_active": true,
        "date_joined": "2024-03-17T15:53:11.932Z",
        "groups": [],
        "user_permissions": []
    }
},
{
    "model": "auth.user",
    "pk": 6,
    "fields": {
        "password": "",
        "last_login": null,
        "is_superuser": false,
        "username": "empleado_restaurante2_2",
        "first_name": "",
        "last_name": "",
        "email": "",
        "is_staff": false,
        "is_active": true,
        "date_joined": "2024-03-17T15:53:11.937Z",
        "groups": [],
        "user_permissions": []
    }
},
{
    "model": "auth.user",
    "pk": 7,
    "fields": {
        "password": "",
        "last_login": null,
        "is_superuser": false,
        "username": "empleado_restaurante2_3",
        "first_name": "",
        "last_name": "",
        "email": "",
        "is_staff": false,
        "is_active": true,
        "date_joined": "2024-03-17T15:53:11.942Z",
        "groups": [],
        "user_permissions": []
    }
},
{
    "model": "auth.user",
    "pk": 8,
    "fields": {
        "password": "",
        "last_login": null,
        "is_superuser": false,
        "username": "empleado_restaurante2_4-3_1",
        "first_name": "",
        "last_name": "",
        "email": "",
        "is_staff": false,
        "is_active": true,
        "date_joined": "2024-03-17T15:53:11Z",
        "groups": [],
        "user_permissions": []
    }
},
{
    "model": "auth.user",
    "pk": 9,
    "fields": {
        "password": "",
        "last_login": null,
        "is_superuser": false,
        "username": "empleado_restaurante3_2",
        "first_name": "",
        "last_name": "",
        "email": "",
        "is_staff": false,
        "is_active": true,
        "date_joined": "2024-03-17T15:53:11.955Z",
        "groups": [],
        "user_permissions": []
    }
},
{
    "model": "auth.user",
    "pk": 10,
    "fields": {
        "password": "",
        "last_login": null,
        "is_superuser": false,
        "username": "empleado_restaurante3_3",
        "first_name": "",
        "last_name": "",
        "email": "",
        "is_staff": false,
        "is_active": true,
        "date_joined": "2024-03-17T15:53:11Z",
        "groups": [],
        "user_permissions": []
    }
},
{
    "model": "contenttypes.contenttype",
    "pk": 1,
    "fields": {
        "app_label": "restaurant",
        "model": "restaurant"
    }
},
{
    "model": "contenttypes.contenttype",
    "pk": 2,
    "fields": {
        "app_label": "restaurant",
        "model": "table"
    }
},
{
    "model": "contenttypes.contenttype",
    "pk": 3,
    "fields": {
        "app_label": "menu",
        "model": "menu"
    }
},
{
    "model": "contenttypes.contenttype",
    "pk": 4,
    "fields": {
        "app_label": "menu",
        "model": "menuitem"
    }
},
{
    "model": "contenttypes.contenttype",
    "pk": 5,
    "fields": {
        "app_label": "core",
        "model": "schedule"
    }
},
{
    "model": "contenttypes.contenttype",
    "pk": 6,
    "fields": {
        "app_label": "core",
        "model": "timeslot"
    }
},
{
    "model": "contenttypes.contenttype",
    "pk": 7,
    "fields": {
        "app_label": "core",
        "model": "employeeprofile"
    }
},
{
    "model": "contenttypes.contenttype",
    "pk": 8,
    "fields": {
        "app_label": "admin",
        "model": "logentry"
    }
},
{
    "model": "contenttypes.contenttype",
    "pk": 9,
    "fields": {
        "app_label": "auth",
        "model": "permission"
    }
},
{
    "model": "contenttypes.contenttype",
    "pk": 10,
    "fields": {
        "app_label": "auth",
        "model": "group"
    }
},
{
    "model": "contenttypes.contenttype",
    "pk": 11,
    "fields": {
        "app_label": "auth",
        "model": "user"
    }
},
{
    "model": "contenttypes.contenttype",
    "pk": 12,
    "fields": {
        "app_label": "contenttypes",
        "model": "contenttype"
    }
},
{
    "model": "contenttypes.contenttype",
    "pk": 13,
    "fields": {
        "app_label": "sessions",
        "model": "session"
    }
},
{
    "model": "sessions.session",
    "pk": "qajejypo1p3gcidjffderepz05y2s3n8",
    "fields": {
        "session_data": ".eJxVjEEOwiAQRe_C2pDSgZnWpXvP0AwMSNVAUtqV8e7apAvd_vfef6mJtzVPW4vLNIs6K6NOv5vn8IhlB3Lncqs61LIus9e7og_a9LVKfF4O9-8gc8vfGgjIElggFuwEkShGQWNdMpZ8hyOkUcIwmGAjA_g-oUPfGzaOgxX1_gC58zdH:1rlsaq:OV5IDJD5A7kCwXOyewfln0I59DIj1wdnApvg-E5UqCU",
        "expire_date": "2024-03-31T15:38:36.268Z"
    }
}
]
